Analysis sample rate,Artist 7dID,Artist familiarity,Artist hotness,Artist ID,Artist latitude,Artist location,Artist longitude,Artist name,Audio MD5,Number of beats,Danceability,Duration,End of fade in,Energy,loudness,release,release 7dID,Hotness,SongID,Start of fade out,Tempo,Title,TrackID,Track 7dID,Year
22050.0,165270,0.5817937658450281,0.4019975433642836,ARD7TVE1187B99BFB1,,California - LA,,Casual,a222795e07cd65b7a530f1346f520649,344,0.0,218.93179,0.247,0.0,-11.197,Fear Itself,300848,0.6021199899057548,SOMZWCG12A8C13C480,218.932,92.198,I Didn't Mean To,TRAAAAW128F429D538,3401791,0

22050.0,1998,0.6306300375898077,0.4174996449709784,ARMJAGH1187FB546F3,35.14968,Memphis- TN,-90.04892,The Box Tops,bb9771eeef3d5b204a3c55e690f52a91,296,0.0,148.03546,0.148,0.0,-9.843,Dimensions,300822,,SOCIWDW12A8C13D406,137.915,121.274,Soul Deep,TRAAABD128F429CF47,3400270,1969

22050.0,290021,0.4873567909281477,0.34342837829688244,ARKRRTF1187B9984DA,,,,Sonora Santanera,fa329738005ca53715d9f7381a0d1fe3,291,0.0,177.47546,0.282,0.0,-9.689,Las Numero 1 De La Sonora Santanera,514953,,SOXVLOJ12AB0189215,172.304,100.07,Amor De Cabaret,TRAAADZ128F9348C2E,5703798,0

22050.0,19072,0.6303823341467806,0.4542311565706205,AR7G5I41187FB4CE6C,,London- England,,Adam Ant,43cd1abd45d5a2dda16a3c65b4963bd4,462,0.0,233.40363,0.0,0.0,-9.013,Friend Or Foe,287650,,SONHOTT12A8C13493C,217.124,119.293,Something Girls,TRAAAEF128F4273421,3226795,1982

22050.0,30973,0.6510456608317947,0.40172368550367865,ARXR32B1187FB57099,,,,Gob,580a8fe08ef0f1c7734b84547d7a8bc7,444,0.0,209.60608,0.066,0.0,-4.501,Muertos Vivos,611336,0.6045007385888197,SOFSOCN12A8C143F5D,198.699,129.738,Face the Ashes,TRAAAFD128F92F423A,6795666,2007

22050.0,432935,0.5352927355118197,0.385470550555821,ARKFYS91187B98E58F,,,,Jeff And Sheri Easter,8ee90e90bb8714300574486f379effb5,633,0.0,267.7024,2.264,0.0,-9.323,Ordinary Day,41838,,SOYMRWW12A6D4FAB14,254.27,147.782,The Moon And I (Ordinary Day Album Version),TRAAAMO128F1481E7F,444964,0

22050.0,17970,0.5564956019129572,0.2619411773808474,ARD0S291187B9B7BF5,,Ohio,,Rated R,0e574964bf7a546a39e039f6e35aa48a,217,0.0,114.78159,0.096,0.0,-17.302,Da Ghetto Psychic,25824,,SOMJBYD12A6D4F8557,114.782,111.787,Keepin It Real (Skit),TRAAAMQ128F1460CD3,276593,0

22050.0,21128,0.8011364469966873,0.6055071356905752,AR10USD1187B99F3F1,,Burlington- Ontario- Canada,,Tweeterfriendly Music,1741d2c1bd271f10e783634f286746e2,313,0.0,189.57016,0.319,0.0,-11.642,Gin & Phonic,8876,,SOHKNRJ12A6701D1F8,181.023,101.43,Drop of Rain,TRAAAPK128E0786D96,90004,0

22050.0,276891,0.42666785706940524,0.33227574659906806,AR8ZCNI1187B9A069B,,,,Planet P Project,eda960ea61211d980653d589e8e74c1d,381,0.0,269.81832,5.3,0.0,-13.496,Pink World,358182,0.26586104921065007,SOIAZJW12AB01853F1,258.99,86.643,Pink World,TRAAARJ128F9320760,3996579,1984

22050.0,242273,0.5505136978482137,0.42270564102939107,ARNTLGG11E2835DDB9,,,,Clp,c76afe800148e674a30629a4686d7f9f,500,0.0,266.39628,0.084,0.0,-6.697,Superinstrumental,692313,,SOUDSGM12AC9618304,261.747,114.041,Insatiable (Instrumental Version),TRAAAVG12903CFA543,7684249,0

22050.0,60488,0.3600311664643514,0.29626895431146333,ARGSJW91187B9B1D6B,35.21962,North Carolina,-80.01955,JennyAnyKind,028c11fd932f96f85cd550ae50a1b188,520,0.0,218.77506,2.125,0.0,-10.021,I Need You,539081,0.0,SOQHXMF12AB0182363,207.012,146.765,Young Boy Blues,TRAAAVO128F93133D4,5967937,0

22050.0,4923,0.5451592956008632,0.35155586118563925,ARC43071187B990240,,Wisner- LA,,Wayne Watson,f853c665c52f2ea69211840de3ba07e1,473,0.0,245.21098,0.357,0.0,-7.545,The Way Home,163874,0.26586104921065007,SOKEJEJ12A8C13E0D0,227.48,117.975,The Urgency (LP Version),TRAABCL128F4286650,1735859,0

22050.0,88523,0.5775089743252977,0.3794821702804675,ARL7K851187B99ACD2,,,,Andy Andy,8f298a84c01d4892d820ff54104b7df8,485,0.0,226.35057,0.0,0.0,-6.632,Placer & Castigo,575792,0.0,SOMUYGI12AB0188633,221.553,130.04,La Culpa,TRAABDL12903CAABBA,6381162,0

22050.0,327171,0.08551204710857879,0.25193652476242323,ARHHO3O1187B989413,,,,Bob Azzam,1d67443d1dcad563e814414dd684b48e,434,0.0,191.84281,0.38,0.0,-7.75,Arrivederci,815863,0.0,SORAMLE12AB017C8B0,188.424,137.334,Auguri Cha Cha,TRAABJL12903CDCF1A,9014963,0

22050.0,237,0.7766758556845541,0.5530719914619753,ARIK43K1187B9AE54C,,Beverly Hills- CA,,Lionel Richie,e21ebf6e182f2164b43c4f68e27e6f6a,637,0.0,307.3824,0.612,0.0,-8.346,Dancing On The Ceiling,25811,,SOBONFF12A6D4F84D8,296.658,125.197,Tonight Will Be Alright,TRAABJV128F1460C49,276438,1986

22050.0,3950,0.6364236449500698,0.4479354804795022,ARD842G1187B997376,43.64856,Toronto- Ontario- Canada,-79.38533,Blue Rodeo,b2561c848c67cc8446b1433c6939addd,990,0.0,491.12771,0.0,0.0,-8.576,Outskirts,135122,0.4051157216913865,SOHUOAP12A8AE488E9,486.034,119.826,Floating,TRAABLR128F423B7E3,1399936,1987

22050.0,24687,0.4199431484349393,0.33080635685585685,ARIG6O41187B988BDD,37.16793,United States,-95.84502,Richard Souther,0b9438d5b97d76022744eece3862605e,478,0.0,228.5971,0.223,0.0,-16.11,Cross Currents,149958,0.3347065490692206,SOUQQEA12A8C134B1B,217.426,127.756,High Tide,TRAABNV128F425CEE1,1560940,0

22050.0,248913,0.3632805711099885,0.30667609347902947,AR1ZHYZ1187FB3C717,,,,Faiz Ali Faiz,f24a29ab18aaa7c0dcd3527af0aff68f,982,0.0,599.24853,1.193,0.0,-8.032,Panjtan Ka Ghulam,535188,,SOILPQQ12AB017E82A,591.999,99.273,Sohna Nee Sohna Data,TRAABRB128F9306DD5,5916675,0

22050.0,1396,0.7071997638379363,0.5134632897021558,ARYKCQI1187FB3B18F,,,,Tesla,3e57f1f9670a3aa3bd8901e6eee32149,714,0.0,290.29832,0.145,0.0,-5.271,Gold,372309,0.6841361912294903,SOXLBJT12A8C140925,285.605,150.062,Caught In A Dream,TRAABVM128F92CA9DC,4143071,2004

22050.0,399889,0.32031437017067216,0.0,ARNPAGP1241B9C7FD4,,,,lextrical,3bb031ff1cff6593efa7c768cfa90d22,370,0.0,165.69424,0.162,0.0,-6.787,Whatever Happened To Boredom?,541101,0.0,SOZVMJI12AB01808AF,157.391,138.331,Synthetic Dream,TRAABXG128F9318EBD,5991843,0

22050.0,34818,0.39413853984589253,0.29153972708877773,ARQGYP71187FB44566,34.31109,Mineola- AR,-94.02978,Jimmy Wakely,3ed412aed58a32b2b8354d02a48c88c3,211,0.0,151.84934,2.827,0.0,-15.221,1942-1952 Jimmy Wakely,605134,,SOWTBJW12AC468AC6E,146.199,86.186,Broken-Down Merry-Go-Round,TRAABYN12903CFD305,6721979,0

22050.0,185559,0.4898162689820407,0.3285530150180186,ARI3BMM1187FB4255E,38.8991,Washington,-77.029,Alice Stuart,8125cbddb7b46628dbd8af0dcfdd5611,393,0.0,220.78649,0.206,0.0,-8.514,All The Good Times,239740,0.0,SOBEBDG12A58A76D60,207.656,110.382,Kassie Jones,TRAABYW128F4244559,3006504,0

22050.0,69720,0.6774204652262298,0.37825468551016656,AR5KOSW1187FB35FF4,49.80388,Dubai UAE,15.47491,Elena,47d2c68a4eaf1c7ed8a1fffc9f9c186e,497,0.0,269.58322,0.0,0.0,-8.05,Un cafe_ setanta matins,386995,0.3135621142479342,SOZCTXZ12AB0182364,256.168,111.874,Setanta matins,TRAACCG128F92E8A55,4292004,0

22050.0,82239,0.839962768151037,0.5418889720336469,ARMAC4T1187FB3FA4C,40.82624,Morris Plains- NJ,-74.47995,The Dillinger Escape Plan,8c987e191b479de914ece0ece1f8fb9e,572,0.0,207.77751,0.061,0.0,-4.264,Miss Machine,223365,0.6665278462297023,SOBBUGU12A8C13E95D,204.696,166.862,Setting Fire to Sleeping Giants,TRAACER128F4290F96,2439720,2004

22050.0,36525,0.43541581815506936,0.3062422642462862,AR47JEX1187B995D81,37.83721,Nevada- MO,-94.35868,SUE THOMPSON,aa483bfe099a6beffc240c997339d9e7,285,0.0,124.86485,0.0,0.0,-12.332,Sue Thompson - Her Very Best,652784,0.4952936212921635,SOBLGCN12AB0183212,115.74,137.522,James (Hold The Ladder Steady),TRAACFV128F935E50B,7232396,1985

22050.0,14773,0.6090637000310501,0.3636513650591166,ARGIWFO1187B9B55B7,,,,Five Bolt Main,34cf2dce6d6408286cfd65a31dc60194,617,0.0,225.09669,0.0,0.0,-5.908,Live,45730,0.37598430150044215,SOPSWQW12A6D4F8781,225.097,164.672,Made Like This (Live),TRAACHN128F1489601,488005,0

22050.0,242273,0.5505136978482137,0.42270564102939107,ARNTLGG11E2835DDB9,,,,Clp,bbf8a75f1dbb47d62a9938b2c686a7c3,704,0.0,338.31138,0.0,0.0,-6.486,Strictly Confidential,672016,,SOZQDIU12A58A7BCF6,338.311,125.006,Superconfidential,TRAACIW12903CC0F6D,7448953,0

22050.0,14504,0.4597971288376104,0.3499126116745628,ARDNS031187B9924F0,32.67828,Georgia,-83.22295,Tim Wilson,ebebdcfecb78adaf47a1860e55d5c50d,278,0.0,186.48771,1.083,0.0,-4.516,The Real Twang Thang,160881,,SONYPOM12A8C13B2D7,175.467,90.022,I Think My Wife Is Running Around On Me (Taco Hell),TRAACLV128F427E123,1699837,2005

22050.0,15815,0.5888271005018058,0.3796711247498673,AROUOZZ1187B9ABE51,40.79195,New York- NY [Spanish Harlem],-73.94512,Willie Bobo,784d7f50a1179d0fad2e771d125fc749,355,0.0,168.25424,0.2,0.0,-9.616,Willie Bobo's Finest Hour,59744,,SOBZBAZ12A6D4F8742,161.89,127.025,Spanish Grease,TRAACNS128F14A2DF5,618725,1997

22050.0,28882,0.3964552539172961,0.2992303679293693,ARH4Z031187B9A71F2,40.73197,Newark- NJ,-74.17418,Faye Adams,07b11c250326d20b7c5c2538f56066b5,244,0.0,156.39465,0.562,0.0,-18.051,Shake A Hand,373723,0.0,SOVYKGO12AB0187199,150.634,95.957,Crazy Mixed Up World,TRAACOW128F933E35F,5660441,1961

22050.0,9947,0.7068276713044582,0.4161730646266773,ARB29H41187B98F0EF,41.88415,Chicago,-87.63241,Terry Callier,1bcc5424889fa52e636b6ff801100c24,625,0.0,342.56934,0.063,0.0,-11.939,Occasional Rain,228326,0.4137398358601097,SOGNCJP12A58A80271,333.154,110.189,Do You Finally Need A Friend,TRAACPE128F421C1B9,2503960,1972

22050.0,343187,0.5605579839038146,0.45278947675222264,AR1Y2PT1187FB5B9CE,27.94017,Brandon,-82.32547,John Wesley,cb3a96380f2084aa94f38ca0d473d847,1106,0.0,484.62322,28.172,0.0,-15.335,The Emperor Falls,463514,0.3775316449767025,SOLLHMX12AB01846DC,480.363,138.007,The Emperor Falls,TRAACQT128F9331780,5158927,0

22050.0,14045,0.6408071019636729,0.4182165181949368,ARAJPHH1187FB5566A,40.7038,Queens- NY,-73.83168,The Shangri-Las,519e4222be254d9848224a99cee7511a,342,0.0,164.80608,0.0,0.0,-10.922,Best of The Shangri-Las,643400,0.4432913119053975,SOYTPEP12AB0180E7B,156.177,130.1,Twist and Shout,TRAACSL128F93462F4,7133415,1964

22050.0,16838,0.5237146369702328,0.3846110839616365,AR0RCMP1187FB3F427,30.08615,Beaumont- TX,-94.10158,Billie Jo Spears,8b99765c6ea21c447b787845282bd16b,352,0.0,133.32853,0.0,0.0,-9.983,20 Of Her Best,663761,0.0,SOGXHEG12AB018653E,130.009,160.839,It Makes No Difference Now,TRAACTB12903CAAF15,7357260,1992

22050.0,9222,0.7936050803712417,0.42631795640769016,AREBBGV1187FB523D2,,Houston- TX,,Mike Jones (Featuring CJ_ Mello & Lil' Bran),bff34ce1d6c7b9f71ee7b5737e9ec741,119,0.0,173.66159,0.0,0.0,-7.762,Who Is Mike Jones?,12882,,SOOLYAZ12A6701F4A6,164.908,41.993,Laws Patrolling (Album Version),TRAACVS128E078BE39,133966,0

22050.0,107468,0.5015447771039371,0.39273367554668775,ARGUVEV1187B98BA17,,,,Sierra Maestra,26b62d8f58664a9fce20a58c9c296fc9,1000,0.0,313.12934,0.0,0.0,-9.512,Tibiri Tabara,270281,,SOGOSOV12AF72A285E,307.688,189.646,¿Dónde va Chichi?,TRAACZK128F4243829,3003122,1997

22050.0,16860,0.8093237930019529,0.48801984168567314,ARPQ4Z01187FB3A736,29.42449,San Antonio- TX,-98.49462,Butthole Surfers,206108fa28f21272fb5502be54119f78,970,0.0,450.84689,0.467,0.0,-9.063,Piouhgd + Widowermaker!,244586,0.593943075901947,SOJXVAH12A8C139700,426.104,130.586,Barking Dogs (From "Piouhgd"),TRAADDS128F425C68B,2788206,0

22050.0,45784,0.632559542284651,0.41168895978577885,ARNQAVF11F4C844C04,,,,Despina Vandi,97d776fe6da052dcdd7244901af7ec04,639,0.0,303.09832,0.067,0.0,-8.879,Profities,157648,,SOVXMTN12A8C135A18,294.818,128.292,OUTE ENA EFHARISTO,TRAADED128F42741FD,1658618,0

22050.0,34461,0.5975412179723806,0.38265197113973687,ARXUT4W1187FB48BEB,,,,Javier Navarrete,3424e5e202aba39cb777a4d532abd2ff,191,0.0,128.83546,0.0,0.0,-17.699,Cracks,644631,0.3943948561005826,SORSECL12AB0182267,121.423,90.932,Midnight Swim,TRAADEV128F9348C0A,7143933,0

22050.0,125706,0.49544592177023467,0.294861261887382,ARDD1RC1187B9B52B4,,,,Jacob Young,ee563dc9b78a4d9f39edc3431f014093,675,0.0,456.30649,0.241,0.0,-19.478,Pieces Of Time,730551,0.0,SOOGFBZ12AC3DF7FF2,451.315,89.667,In A Subtle Way,TRAADHS12903CE70A9,8093189,0

22050.0,527722,0.5278650761586818,0.3931219335710068,ARLGWFM1187FB4AC9F,34.05349,California - LA,-118.24532,Scarlet's Remains,2fb63b556f85dcfba3ed11b688ba953e,371,0.0,198.73914,0.0,0.0,-7.469,The Palest Grey,709879,0.450992311636255,SOMSBGZ12AB018C4CB,193.016,115.061,Spin,TRAADIV12903CB15C1,7872290,2007

22050.0,240277,0.6686745328613157,0.4675384440100101,ARWYVP51187B98C516,42.33168,Detroit- MI,-83.04792,The Suicide Machines,1471d168999432ec6360889940e3e0e1,168,0.0,95.68608,0.0,0.0,-2.022,A Match & Some Gasoline,706005,0.5287824809425877,SONYRZV12AB018AF70,87.806,115.887,Burning In The Aftermath,TRAADLH12903CA70EE,7830058,2003

22050.0,522,0.8148296561331122,0.7357656929506414,ARFCUN31187B9AD578,51.50632,London- England,-0.12714,The Rolling Stones,7bbefe182a5d8a70b5b72a64a14f6c1b,616,0.0,271.49016,0.171,0.0,-10.358,Jump Back - The Best Of The Rolling Stones_ '71-'93,42595,0.8344926198909054,SONQBUB12A6D4F8ED0,263.784,139.333,Angie (1993 Digital Remaster),TRAADLN128F14832E9,453879,0

22050.0,176139,0.4823560425909108,0.3500785789894733,AR6YDKV1187B989230,,,,Roberto Torres,b568d4f2a491bec936881d13e965c1dd,436,0.0,226.66404,0.311,0.0,-12.716,Lo Mejor con La Orq. Broadway,782470,0.0,SOHGKJW12AC468A8BD,219.51,117.271,Sabor Guajiro,TRAADLR12903CF8D7E,8653966,0

22050.0,16308,0.6610801676039384,0.4427658420289504,ARV1JVD1187B9AD195,35.91463,Chapel Hill- NC,-79.05661,Loudon Wainwright III,b477cf436c14e093b3fef949d18932c0,307,0.0,190.48444,0.258,0.0,-15.663,Grown Man,28723,0.5101193140330347,SOINBCU12A6D4F94C0,177.029,102.428,Human Cannonball,TRAADLX128F1469250,315300,1995

22050.0,6186,0.7011808736075507,0.4666288889016846,AR7TTS41187B9B42D3,34.36401,Oxford- MS,-89.51877,R.L. Burnside,ff6a3b61c73903e886d364ac05531d51,416,0.0,277.78567,0.24,0.0,-6.944,A Bothered Mind,557761,0.48213758506501503,SOTWVQT12A58A79650,267.453,89.984,Glory Be,TRAADMH128F9343E59,6169318,2004

22050.0,48814,0.7337989404362274,0.544257505724526,ART3O5Z1187B9AB043,32.77815,Dallas- TX,-96.7954,Stevie Ray Vaughan,a77e2966eaa31170f28ece01fcee24b4,479,0.0,248.78975,0.183,0.0,-7.805,Greatest Hits,417945,,SOTSEJY12AB0180F56,246.19,116.721,Crossfire,TRAADNA128F9331246,4659073,1992

22050.0,39546,0.5906929179471623,0.45281783769711387,AR5U94U1187FB5CDCF,,,,John Hammond,8bd7911d74bd9afce01290bad03d195d,388,0.0,195.3171,0.0,0.0,-10.7,Bluesman,575531,,SOTSETT12AB01863B8,187.617,123.142,I Can't Be Satisfied,TRAADOF12903CAA1C1,6378564,2002

22050.0,48409,0.6653221619060184,0.3942171989010042,ARRJNTE1187FB44E12,,,,Casiotone For The Painfully Alone,1bb9cb115bdcbad912cb3bea9facb2b8,407,0.0,175.72526,0.734,0.0,-10.93,Etiquette,234425,0.7858922883883538,SOTUNMH12A6D4FA3E6,168.699,141.919,Nashville Parthenon,TRAADQX128F422B4CF,2573759,2006

22050.0,7171,0.5040756699303163,0.3345773601190987,AR6IRG41187B9A4D98,52.51607,Berlin- Germany,13.37698,Ec8or,7b3f44c5a55e1ad736d334901f18fe5e,345,0.0,217.23383,1.042,0.0,-9.493,Ec8or,505301,,SOEPPKB12AB018418B,213.496,95.596,Cocain Ducks,TRAADRN128F932D607,5591305,1995

22050.0,24313,0.717670524728552,0.4793084593382274,ARS1OWB1187B99EEAD,,New York- NY,,The New York Dolls,432aa5b29f21533b447d37363bab6705,881,0.0,344.05832,0.068,0.0,-9.253,Too Much Too Soon,74655,0.5616924111789523,SOGKIWV12A6D4F86C4,335.029,154.953,Human Being,TRAADVH128EF34DE7A,770031,1974

22050.0,2800,0.6697261875661445,0.42791424698295477,ARGMXQW1187FB54C34,-23.56287,Sao Paulo- Brazil,-46.65466,Eliane Elias,61c1d3f9dc9caf347132097986f1618d,359,0.0,251.42812,0.071,0.0,-12.009,Bossa Nova Stories,322532,0.4348380902608562,SOPHYIS12AAF3B35A3,237.598,86.091,The More I See You,TRAADYB128F92D7E73,3635000,2009

22050.0,10275,0.5697411522818971,0.41224060053560735,AROEL1B1187B988B90,,South Jamaica- Queens,,Lost Boyz,c9bd47047417a4003783ffde156efb6f,407,0.0,269.7922,0.218,0.0,-11.043,Love_ Peace & Nappiness,14592,0.4051157216913865,SOFHBAR12A6701D0FE,257.416,90.218,Certain Things We Do,TRAADYI128E078FB38,151792,1997

22050.0,104787,0.6400483571565447,0.40439264015477133,AR8W8DN1187FB35ED0,34.05349,Los Angeles- CA,-118.24532,The Germs,94bd349c13024d5ac83064e4fed31fd7,464,0.0,206.05342,0.0,0.0,-11.506,Germicide,515081,,SOCPRKM12AB018A2FD,206.053,133.144,Forming,TRAAEAM128F934B199,5714272,1977

22050.0,264183,0.3977728757878008,0.38347574490669173,ARUWLCL1187FB549B8,,,,Yamandu Costa,d513e317cb700731da236983b6c235a3,626,0.0,190.04036,0.0,0.0,-14.179,Mafuá,765750,,SOFGHAM12AB0186412,176.924,205.317,Mafuá,TRAAEDJ12903CCE390,8478956,0

22050.0,4010,0.643182772912233,0.500691340913453,AR3793X1187FB50CB3,,Middlesbrough- England,,Chris Rea,db40ea1ed032ccf190419babe51ef333,716,0.0,241.162,0.549,0.0,-8.531,The Road To Hell Part 2,17220,0.767727748373397,SODHVES12A6701CE6B,230.342,180.149,Driving Home For Christmas,TRAAEEH128E0795DFE,183976,1986

22050.0,364953,0.4114210482617737,0.3384148184832545,ARINEWW1187FB5577E,,,,Perrey And Kingsley,71d2fb37641b20f96955402be7eab02f,203,0.0,122.64444,0.99,0.0,-8.541,Vanguard Visionaries,617077,0.4348380902608562,SOXIATP12AAF3B2184,109.627,102.538,Spooks In Space,TRAAELO128F9302DD1,6856216,1966

22050.0,3041,0.7510076200369779,0.5236990777653908,ARDGB6U1187FB3AD07,51.50632,London- England,-0.12714,Eurythmics,6ad09a99e119960fe234a19e890f8742,279,0.0,207.0722,2.583,0.0,-6.629,Be Yourself Tonight,278999,0.38293509007501925,SOGNQWU12A8AE4868F,202.757,84.164,Tous Les Garçons Et Les Filles,TRAAEMJ128F425A917,3107981,1985

22050.0,13801,0.548585130198109,0.3835242473277272,AR2J2WF1187FB46271,54.48303,Egremont- Cumbria- England,-3.53444,Francis Dunnery,7f6863d6bb4c426234987f1528300b57,625,0.0,300.79955,0.0,0.0,-13.33,Hometown 2001,19601,0.6104742577715245,SOYQOFI12A6D4F76E1,298.347,124.175,Too Much Saturn,TRAAENC128F1451DE9,205540,1995

22050.0,10249,0.7493178009614533,0.48165586241245567,ARUI8651187B9ACF52,,Garnant- Wales,,John Cale,fbf497a6838e179be5b78f9aa3668638,523,0.0,228.46649,0.0,0.0,-12.412,Eat / Kiss: Music For The Films By Andy Warhol,38599,0.2265553139555314,SOVOLGY12A6D4F822B,228.466,137.004,Movement 4 [from Kiss] (Album Version),TRAAENP128F147BF32,413033,1997

22050.0,1647,0.6319466659983671,0.3807045358244573,AR89DTT1187B9A7ED5,37.77916,California - SF,-122.42005,Suzanne Ciani,3be610cc9850e3967869b8124041c004,423,0.0,239.59465,0.311,0.0,-21.552,The Ultimate Most Relaxing New Age Piano in the Universe,619882,0.4159831182884585,SOMZCVH12AB0182B8E,236.507,106.33,Stream,TRAAEOU128F9309DE0,6885148,0

22050.0,142898,0.6539378209700205,0.3968558693253486,ARMD0G81187B99A519,,,,Vickie Winans,15884580537397d60dc2250fe163451f,407,0.0,228.93669,0.338,0.0,-8.686,Classic Gold: Best of All,618615,,SONXJBL12AAF3B2C0C,219.574,107.961,Make Me Over,TRAAERU128F930674F,6871078,0

22050.0,373578,0.6683706115518646,0.45755390983649336,AR0VZWC1187B99BA57,-37.81753,Melbourne- Australia,144.96715,The Berzerker,fc1ec28144da5e38fce0de2919f3eb48,492,0.0,165.61587,2.171,0.0,-6.222,The Berzerker,681639,0.0,SOYWZTU12AB0180E26,165.616,174.287,Deform (live),TRAAEUB12903CDD3EA,7565003,2000

22050.0,1246,0.8457688664485438,0.7888059351620142,ARF2EHS1187B994F4E,36.16778,Nashville- Tennessee,-86.77836,Kings Of Leon,2c5618de2a1419e40855a8454abcb6dc,361,0.0,187.92444,0.328,0.0,-5.907,Holy Roller Novocaine,449471,0.6859402266976852,SOLGHDZ12AB0183B11,180.344,116.823,Wicker Chair,TRAAEWG128F930B3A4,4989932,2003

22050.0,230806,0.40745564385201366,0.30004649036641506,ARZKRD01187FB45FD2,,,,Edith Lefel,3a84b97779048f7b62ce944ce53ef755,462,0.0,276.50567,0.299,0.0,-4.638,Jeux de dames_ vol. 1 (réalisation Ronald Rubinel),321356,0.0,SOTNTNJ12AAA15FBD6,261.956,101.972,An ti chans',TRAAEXM128F92D47C8,3619557,0

22050.0,248684,0.46017132366610164,0.18931487775261457,ARK4H5K1187B992F74,,,,Taras,8867e512578d062815a66312910c2a33,420,0.0,200.25424,0.0,0.0,-5.884,I Will Love Again,530141,,SOXZXXV12AAF3B3A67,194.844,127.97,I Will Love Again (JJ's Club Radio),TRAAFEB128F92F8694,5857433,0

22050.0,33328,0.7788167165625715,0.5542914890128156,AR06EB01187FB40150,,Berkeley- CA,,NOFX,1a4d17798c506efdf4ed438cb65daa17,351,0.0,144.50893,0.237,0.0,-7.787,White Trash ......,104765,0.6712360269845353,SOPIKEG12A58291636,140.057,152.622,Stickin In My Eye,TRAAFJW128F428A424,1082135,1992

22050.0,516781,0.43588984708830425,0.26803783963074496,ARKPDBH1242077DEB1,,,,Murskahumppa,b066757b050f37c292668914c93534a6,523,0.0,285.17832,0.0,0.0,-8.488,Murskapunkkia,695158,,SOIRNBO12AC468D207,275.853,110.787,Ota kiinni,TRAAFKJ12903D02552,7717117,0

22050.0,291580,0.7111657865776896,0.46682699252718746,ARBJSO81187B9BA09B,,,,Soda Stereo,c3eb59209b7ab456d884f0ca9155a878,459,0.0,246.69995,0.322,0.0,-9.603,Canción Animal,509770,0.6261657596688281,SOSBDSF12AB0189007,224.049,112.903,Entre Caníbales,TRAAFMS128F933AB23,5646037,1990

22050.0,170661,0.44316239759770826,0.3004544598123077,ARRC2JF1187B9B6A93,-24.9162,AUSTRALIA,133.39311,Bruce Rowland,0f6aa26bd67c538a95d1f437b0e8891f,158,0.0,84.03546,0.328,0.0,-26.266,The Man from Snowy River,223779,0.0,SOIJXXM12A8C1416D6,75.79,115.642,Rosemary Recalls,TRAAFON128F42926FB,2445709,1985

22050.0,345476,0.4004335134580979,0.26627528554651025,ARNIFX51187FB418EA,,,,Xcultures,678ee0558c50b3605a878cb1149b8a6c,561,0.0,273.52771,2.177,0.0,-6.305,One World One People,466577,0.1992382620006783,SOHMMMC12AB0181C42,268.893,125.013,Sudanese Dance,TRAAFRU128F9339158,5190145,2000

22050.0,30101,0.47736475248353516,0.33750728916593725,ARCCRTI11F4C845308,,,,White Heart,8521fb5bbe40900184c412d2915f046b,562,0.0,298.84036,19.093,0.0,-9.998,Tales Of Wonder,148547,0.26586104921065007,SOVJXVJ12A8C13517D,289.46,113.277,Where The Thunder Roars (Tales Of Wonder Album Version),TRAAFSM128F425A2C5,1548122,0

22050.0,257069,0.6178701163443497,0.36366811024462387,ARNVH8S1187FB52F86,18.11526,Jamaica- West Indies,-77.27348,Heavy D / McGruff,fa6b1b300e5bbac539c92aab9fa30bc7,260,0.0,161.38404,0.165,0.0,-9.161,Waterbed Hev,423012,0.23773394162247466,SOFZCTA12AB0188D8F,161.384,96.979,Wanna Be A Player,TRAAFUJ128F933F42B,4717505,1997

22050.0,4741,0.7446412459327763,0.5799889824287546,ARNLO5S1187B9B80CC,,Pasadena- CA,,Van Halen,7dfecc8c2cb0171084e499f3f553c7cf,487,0.0,209.29261,0.0,0.0,-4.865,The Best Of Both Worlds,7133,0.8244821296824321,SOLRYQR12A670215BF,206.623,140.995,Panama (Remastered Album Version),TRAAFYL128E07856A7,72173,0

22050.0,15260,0.845601886640232,1.0059419659547393,ARTDQRC1187FB4EFD4,,Los Angeles- CA,,Black Eyed Peas,5304dd382803b40a2eccc0b617afad82,408,0.0,229.61587,0.0,0.0,-4.882,Total Workout Running 102 - 135 - 84bpm Ideal For Jogging_ Running_ Treadmill & General Fitness,358442,0.6244254932707666,SOCHRXB12A8AE48069,213.664,105.206,Let's Get It Started,TRAAGCZ128F93210FD,3999070,2004

22050.0,7338,0.9057768886660886,0.5984585009824434,ARK9TRQ1187B99C095,41.50471,Cleveland- OH,-81.69074,Nine Inch Nails,ce020c3664096562bec86adc6eddd862,444,0.0,426.89261,0.286,0.0,-12.951,Things Falling Apart,15567,0.6355366486226686,SOKBBXO12A6701DEA0,399.9,63.017,Metal,TRAAGEC128E079252C,163543,2000

22050.0,451,0.6940216479070769,0.47940767557514763,ARODBRG1187FB3FD99,,,,Nick Cave & The Bad Seeds,74a9e65a14d3678865e43582581c1360,648,0.0,269.26975,3.889,0.0,-11.751,Your Funeral... My Trial (2009 Digital Remaster),413222,,SOWHYUG12A58A77FAB,262.798,144.603,She Fell Away (2009 Digital Remaster),TRAAGGE128F9325E2C,4603984,0

22050.0,65397,0.4083890223759677,0.13924739387110993,ARMBYRO1187FB57419,,,,Nadine Renee,9f747c90951499896939f600c7ff7c78,681,0.0,249.41669,0.647,0.0,-6.693,Oasis of Love,80578,0.19878534876524423,SOYSTDI12A6D4F6500,238.434,167.92,Next Time,TRAAGHM128EF35CF8E,852705,0

22050.0,14043,0.6069253585317187,0.3891007762801808,ARWY7I71187FB36C3D,40.71455,New York- NY,-74.00712,Lesley Gore,67ca96689f499db63352c7cb15a82b44,292,0.0,136.48934,0.229,0.0,-9.091,60's Triple set,26902,,SOOOROX12A6D4F8400,130.026,129.122,It's My Party,TRAAGJV128F1464090,292256,1963

22050.0,201255,0.5624637835796072,0.3224851056611973,AR6Y22S1187B99906F,,,,Smartbomb,35122600160118386f40e1c6008582b1,510,0.0,233.27302,0.386,0.0,-2.658,Yeah.  Well_ Anyway....,633532,0.0,SONSPZE12AB01819CE,231.178,132.022,Complicate It,TRAAGKF128F932D5A2,7031468,2001

22050.0,324572,0.48100458301758264,0.3356518391847009,ARI5P4N1187FB3F44D,,Minnesota,,Suburbs,4e588672cdea2867001b85faebbd48a0,549,0.0,187.24526,0.107,0.0,-4.42,Un Titre de Toune,435830,0.24906579485370342,SOHWGFU12AB017B036,178.625,183.92,Monde De Fou,TRAAGKQ128F92EAF39,4855196,2005

22050.0,8614,0.7429631523413633,0.45339118607533013,ARYPWUK1187B98ACED,64.55653,Norway,12.66538,Emperor,ad1859ac1bdfe9bfb3970b4037f247c6,104,0.0,72.61995,0.0,0.0,-11.051,Live Inferno,495734,,SOQQVQJ12AB0185192,68.365,89.867,Opus a Satana (Part 2),TRAAGKS128F9314884,5488523,0

22050.0,13038,0.585479539749522,0.36438492446826576,ARW63KF1187B98AC48,46.71067,FR,1.71819,Julien Clerc,31d3ab56ae477d180133db3e93d17760,543,0.0,272.63955,2.775,0.0,-9.97,Vendredi 13 - 1981,664484,,SODRHHD12AB0189F2A,272.64,119.896,This Melody (Live),TRAAGMJ12903CAD7D4,7368035,0

22050.0,15205,0.671596269848304,0.4810242392118726,AR8H87D1187FB3A841,34.03142,Delight- AR,-93.50243,Glen Campbell,2904e2599ec8c200b30b44b86d9b70e0,316,0.0,142.75873,0.218,0.0,-11.335,Unconditional Love,112851,,SOQGFVO12A8C13C8C3,135.546,137.29,I'm Gone This Time,TRAAGNL128F4299BF1,1164868,0

22050.0,86039,0.44932361520766173,0.34328188178708335,ARLWR721187B9A03C9,35.82213,Humboldt- TN,-88.91599,T.G. Sheppard,5d21d8fdd930d59edd6b78926de22907,259,0.0,194.11546,0.089,0.0,-15.581,The Very Best Of,200689,0.3827232807891977,SORABMD12A8C136672,182.729,82.343,You Feel Good All Over,TRAAGOH128F42593CE,2185175,2002

22050.0,11535,0.5164437797727629,0.38666909170602387,ARF4V431187FB3AA41,27.94653,Tampa- FL,-82.45927,Slim Whitman,4bf3e42080e6a97cd1a555eff69a714a,303,0.0,195.91791,0.165,0.0,-11.98,Country Lovers. Vol. 3,682725,,SOTUBVH12AB018D2EC,192.087,91.487,Indian Love Call,TRAAGPF12903CE027E,7576962,1990

22050.0,21235,0.7282097070640043,0.5380702951237828,ARBGWMW1187B9AEA3E,,CA,,Savage Garden,4fff121876c0b80f09157c9028af2a7b,167,0.0,118.33424,0.0,0.0,-11.215,Affirmation,287804,,SOMQAGT12A8C132DB4,118.334,84.69,You Can Still Be Free,TRAAGPH128F4273C8D,3228951,1999

22050.0,5845,0.7986451787418826,0.5524133455169445,AR6G4V01187B9AD086,,,,Queens Of The Stone Age,343fb42e35d36386fc5ae5858dfa2cc2,560,0.0,288.41751,0.113,0.0,-8.165,Lullabies To Paralyze,220917,0.7251212835673101,SOKLLOH12A67020F2C,279.179,115.606,I Never Came,TRAAGPJ128F428CD1B,2417203,2005

22050.0,20690,0.44585463135951076,0.3475988886835368,ARVQ4QM1187B98AD95,33.52029,Birmingham- AL,-86.8115,Hank Penny & The Lincoln Penny Orchestra,cef5b9421ef0d449148483b542781c46,251,0.0,123.21914,1.001,0.0,-12.69,It's War Again,629785,,SONRLQH12AB017C232,118.079,126.523,Dixie,TRAAGUA128F93236E8,6990204,0

22050.0,464,0.605109701914858,0.39854753538058046,AR9AM2N1187B9AD2F1,53.4796,Manchester- England,-2.24881,Inspiral Carpets,15855cbe9a0b57bc9fdc883b65fe2766,531,0.0,283.76771,0.0,0.0,-8.7,The Singles,11305,0.6651722407621973,SODDZAD12A6701DC4C,271.83,113.677,Commercial Reign,TRAAGVF128E0789785,116001,1990

22050.0,3946,0.45404399500343795,0.4214151025424071,AR9XEVF1187B99D017,,,,Borialis,27c2501d57affc43e719e4d241ec8daf,331,0.0,239.3073,0.182,0.0,-5.758,What You Thought You Heard,4967,0.5546547674656118,SORENXV12A6701F61F,220.264,86.938,Hourglass,TRAAGVM128E0784D95,51416,0

22050.0,253540,0.5435161307179269,0.40418220665370436,ARCFOZ71187FB43A0D,,,,The Dirty Skirts,51c54cfa48fecebb81e93d89c81c9b4f,470,0.0,206.75873,0.096,0.0,-4.907,Daddy Don't Disco,325335,0.30416950343527516,SOYMMDY12AB01825B2,193.115,141.936,Wake,TRAAGXN128F92DE52C,3662845,0

22050.0,66541,0.4205458495228202,0.3135693426838017,ARHFEBO11F50C4825A,,,,Flor Silvestre,f77c44758887775fa79a30027d1bd70c,233,0.0,134.81751,0.0,0.0,-8.133,15 Exitos Vol. 2 Flor Silvestre,82932,,SOJWQIP12A6D4F710A,130.723,106.049,Caricia Y Herida,TRAAGZU128EF360F47,870018,0

22050.0,304198,0.37385062304422495,0.1489854809922737,AR107SB1187B9A79F9,,Bézu- comme Superdupont- ne connait qu&#039;un pays : la France !,,Bézu,81dcdddfd5ad4a2397d6d83a477a2b07,595,0.0,285.64853,0.397,0.0,-9.093,Le top du père Nöel,401583,,SOOVOKS12AB017EE57,274.727,126.88,Le tortillard,TRAAHDH128F93094B6,4463774,0

22050.0,368,0.7431297761478142,0.49356684269655965,ARXWAQQ1187B9AE954,,Newark- NJ,,Redman,4a953b42bfeb5440d2ec314a7818dd30,177,0.0,124.18567,0.0,0.0,-10.296,Malpractice,8552,0.5701059300583878,SORWHWY12A6702038E,121.005,85.008,WKYA (drop),TRAAHEG128E07861C3,86269,2001

22050.0,22836,0.13818761011851705,0.3178109598122704,ARL6XZC1187FB3936E,,,,Solistiyhtye Suomi,ecde77a73c92c5916b4bf4a57af15280,295,0.0,134.08608,4.441,0.0,-12.839,20 Suosikkia / Rilluttele yö,217058,,SOGYYLE12A8C13E5EA,130.38,133.699,Teräslintu,TRAAHEH128F427FCEF,2363661,0

22050.0,31296,0.4161410224693502,0.33109012633891616,ARSDSMG1187B98CB59,40.71455,New York- NY,-74.00712,Eddie Cantor,c085dd8b2551c30aebfd9d15fa38eee8,298,0.0,155.61098,0.154,0.0,-13.71,The Fabulous Eddie Cantor,489673,,SOITUXQ12AB0183AE9,150.75,118.975,Now's The Time To Fall In Love,TRAAHEQ128F93057B4,5426684,0

22050.0,7184,0.49555965151406806,0.34919221761645924,AR3WMW01187B9921F7,,,,Schizoid,e2c10ea7228b0b6e11013316df37e1b1,466,0.0,275.40853,0.0,0.0,-2.119,Grim Prospects Remixes - Grim Prospects Will Never End,475992,,SOTWEZZ12A8C142B60,272.556,102.408,Grim Prospects (Gross Prospects - Bad Trip Remix),TRAAHER128F92E3FE9,5285106,0

22050.0,61091,0.43053890741728074,0.3163540008222974,AR3C3C01187B98E800,56.153,Aarhus- Denmark,10.20452,Kai Winding,352acc5a415aea488f81e0496fba5fa8,413,0.0,223.4771,0.291,0.0,-14.438,The Incredible Kai Winding Trombones,495041,0.0,SOUVRGZ12A58A77F90,220.026,112.006,Mangos,TRAAHJX128F9312B83,5481094,1961

22050.0,48089,0.42837541665132417,0.317833879200262,ARDD9UN1187B98D3A7,31.84666,Sicily Island- LA,-91.657,Sonny Simmons,ccd00c7477f01f4c8375b9d5b7017119,336,0.0,443.24526,0.23,0.0,-13.002,Staying on the Watch,225610,0.2707759989463275,SOBLTSM12A6D4F9EEA,430.736,45.527,A Distant Voice,TRAAHKE128F421389B,2468314,0

22050.0,150079,0.5451109508213838,0.34575124701970267,ARJGNV61187B98F3B5,,Tallahassee- FL,,Mira,06963d146fa1ee625710ce60ffd0a10e,245,0.0,177.81506,0.554,0.0,-12.004,Openbare Weg,473710,,SOUQVUD12A8C142DCE,167.48,85.621,Openbare Weg,TRAAHMO128F92DE7C9,5262298,2006

22050.0,440130,0.4833394215564992,0.27756173775343046,ARSVI4L1187B996181,,,,Citizen Kaned,6b11dbb60519314861b8a245f5a76342,691,0.0,385.33179,3.048,0.0,-8.37,Tip World Singles 2000,710902,,SOCRPDR12AB0185B75,382.647,108.061,President Johnson,TRAAHPZ12903CB4643,7884742,2000

22050.0,144534,0.5592784942236473,0.4320119468576032,ARVJ0JK1187B98C9C0,,,,The Brooklyn Tabernacle Choir,30febb787fbf6147aa5cae01d87f79bc,1159,0.0,324.44036,0.0,0.0,-11.829,Praise Him...Live!,341940,0.4051157216913865,SOXVBVL12AF72A600C,312.239,216.195,Lead Me Lord,TRAAHRF128F92FE234,3826845,1995

22050.0,33244,0.43888747505017295,0.3251485709173023,AR4PCIG1187B98D07D,36.16778,Nashville- TN,-86.77836,Ellen McIlwaine,acd12c7550ee05894c31033ae8a3b7c2,597,0.0,275.12118,0.34,0.0,-6.29,Spontanous Combustion,766444,0.24274187894946822,SOIQHDR12AB01896C8,272.933,132.428,Spontanous Combustion,TRAAHTH12903CCFFE1,8486209,0

22050.0,4822,0.5781036297198625,0.4148926124367487,AR1RHCO1187B9AF0BF,37.77916,San Francisco- CA,-122.42005,Vince Guaraldi / Bola Sete,3ad40aace9a1b7909657198b3e01b751,823,0.0,294.66077,0.864,0.0,-15.761,From All Sides,432406,0.3867901771390143,SODLSHA12AAF3B29F2,282.564,168.307,Choro,TRAAHVY128F92E25D6,4819514,0

22050.0,15530,0.5024531765214763,0.3915853290262099,AR1X2H01187B98CCF2,,Menilmontant- France,,Maurice Chevalier,f54d651f130d7416fad040d93d999990,447,0.0,193.20118,0.497,0.0,-27.433,Maurice Chevalier  The Essential Collection Vol 1,546663,,SOAGHMH12AB0180285,190.003,140.956,Ma Louise,TRAAHXN128F9326097,6046214,0

22050.0,17589,0.5419751082100462,0.38418425849676846,ARBQBZV1187B99D29E,,,,Carl Cox Vs Yousef,a366912bac4833c6c1ed5de4c6a39bf8,772,0.0,357.82485,0.131,0.0,-5.701,Dave Pearce Best of the Dance Years 1988 - 1992,548374,0.5112548351002428,SORAVUP12AB018556E,353.785,130.016,I Want You (Forever),TRAAHYV128F932A425,6063570,1991

22050.0,392099,0.6837194679130381,0.4126716309926985,AR9ODB41187FB459B2,,SPRINGFIELD- Virginia,,Organized Konfusion,e53c6982a5fa8726188616681cb597ac,580,0.0,198.3473,0.201,0.0,-8.709,The Equinox,704183,0.46048484498641545,SOFXNQP12AB0184F1A,182.184,175.769,Hate,TRAAHZP12903CA25F4,7810785,1997

22050.0,2183,0.6148709339199385,0.6282464191914875,ARF3GX71187FB3EB66,,Medicine Lodge- KS,,Martina McBride,90e07d5cb1366b0aa0685177921c5c84,427,0.0,261.95546,0.0,0.0,-13.627,Timeless,307618,0.48828987603734525,SOGQTRZ12A8C13C8B0,253.452,100.194,I Can't Stop Loving You,TRAAIAE128F42AC53D,3464362,2005

22050.0,7911,0.6264363817515622,0.3742711738564048,AR3PN3R1187FB4CEBD,18.01571,Kingston- Jamaica,-76.79731,Horace Andy,50b5fb243213179f0bb2510a93ff2c48,439,0.0,176.27383,0.183,0.0,-11.479,Feel Good All Over: Anthology 1970-1976,784530,